{"cameraMode":{"drawMode":0,"name":"Shaded","section":"Shading Mode"},"sceneLighting":true,"audioPlay":false,"sceneViewState":{"showFog":true,"showMaterialUpdate":false,"showSkybox":true,"showFlares":true,"showImageEffects":true,"showParticleSystems":true},"in2DMode":false,"pivot":{"x":5.350063323974609,"y":-3.4250948429107668,"z":-9.127534866333008},"rotation":{"x":0.037615105509757999,"y":-0.9621838331222534,"z":0.2005600929260254,"w":0.18045933544635774},"size":6.5292582511901859,"orthographic":false}