{"cameraMode":{"drawMode":0,"name":"Shaded","section":"Shading Mode"},"sceneLighting":true,"audioPlay":false,"sceneViewState":{"showFog":true,"showMaterialUpdate":false,"showSkybox":true,"showFlares":true,"showImageEffects":true,"showParticleSystems":true},"in2DMode":false,"pivot":{"x":-0.3655579686164856,"y":0.8537104725837708,"z":-7.681280136108398},"rotation":{"x":0.22635523974895478,"y":-0.2782302796840668,"z":0.06764508783817291,"w":0.9310137033462524},"size":3.6514387130737306,"orthographic":true}