{"cameraMode":{"drawMode":0,"name":"Shaded","section":"Shading Mode"},"sceneLighting":true,"audioPlay":false,"sceneViewState":{"showFog":true,"showMaterialUpdate":false,"showSkybox":true,"showFlares":true,"showImageEffects":true,"showParticleSystems":true},"in2DMode":false,"pivot":{"x":189.09149169921876,"y":254.98049926757813,"z":78.69837188720703},"rotation":{"x":0.017022985965013505,"y":-0.9804757237434387,"z":-0.09857587516307831,"w":-0.16931883990764619},"size":191.7012939453125,"orthographic":false}