{"cameraMode":{"drawMode":0,"name":"Shaded","section":"Shading Mode"},"sceneLighting":true,"audioPlay":false,"sceneViewState":{"showFog":true,"showMaterialUpdate":false,"showSkybox":true,"showFlares":true,"showImageEffects":true,"showParticleSystems":true},"in2DMode":false,"pivot":{"x":-9.343368530273438,"y":0.022479120641946794,"z":-7.930267333984375},"rotation":{"x":0.03888542577624321,"y":-0.9443677663803101,"z":0.30333760380744936,"w":0.12105987966060639},"size":2.201972246170044,"orthographic":false}